Workbook

Sheet Нормативы
A1: Параметр | B1: Мин. | C1: Макс. | D1: Единицы | E1: Источник / примечание
A2: Fe (концентрация) | C2: 0.3 | D2: мг/дм³ | E2: СанПиН 1.2.3685-21, питьевая вода
A3: pH | B3: 6 | C3: 9 | D3: ед. pH | E3: СанПиН 1.2.3685-21, допустимый диапазон
A4: Электропроводность | C4: 1000 | D4: мкСм/см | E4: Внутренний технологический норматив лаборатории (не ПДК)

Sheet Градуировка_Fe
A1: Градуировка Fe (перенесена из кейса калибровки)
A3: k (тангенс угла наклона) | B3: 0.8373
A4: b (свободный член) | B4: 0.0113
A6: Коэффициенты получены методом наименьших квадратов в отдельном кейсе калибровки (см. repo metal-calibration-analytics). Здесь используются для перевода сырого сигнала в концентрацию.

Sheet Данные_ввод
A1: Дата | B1: ID_пробы | C1: Точка_отбора | D1: A_Fe_сигнал | E1: pH_измерено | F1: Температура_C | G1: Электропроводность_мкСм_см
A2: 2026-01-05 | B2: S-0001 | C2: Точка-1 (скважина) | D2: 0.1131 | E2: 7.25 | F2: 24.3 | G2: 625
A3: 2026-01-05 | B3: S-0002 | C3: Точка-2 (резервуар) | D3: 0.1463 | E3: 7.53 | F3: 9 | G3: 623
A4: 2026-01-05 | B4: S-0003 | C4: Точка-1 (скважина) | D4: 0.1275 | E4: 7.61 | F4: 11.2 | G4: 661
A5: 2026-01-05 | B5: S-0004 | C5: Точка-3 (сброс) | D5: 0.172 | E5: 6.36 | F5: 18.1 | G5: 675
A6: 2026-01-06 | B6: S-0005 | C6: Точка-2 (резервуар) | D6: 0.0529 | E6: 5.92 | F6: 10.8 | G6: 290
A7: 2026-01-06 | B7: S-0006 | C7: Точка-3 (сброс) | D7: 0.1628 | E7: 7.79 | F7: 4.9 | G7: 736
A8: 2026-01-06 | B8: S-0007 | C8: Точка-2 (резервуар) | D8: 0.2556 | E8: 6.82 | F8: 2.8 | G8: 548
A9: 2026-01-06 | B9: S-0008 | C9: Точка-3 (сброс) | D9: 0.3206 | E9: 6.79 | F9: 4.7 | G9: 362
A10: 2026-01-07 | B10: S-0009 | C10: Точка-2 (резервуар) | D10: 0.0154 | E10: 7.32 | F10: 18.9 | G10: 677
A11: 2026-01-07 | B11: S-0010 | C11: Точка-2 (резервуар) | D11: 0.1666 | E11: 7.03 | F11: 5.8 | G11: 730
A12: 2026-01-07 | B12: S-0011 | C12: Точка-3 (сброс) | D12: 0.2879 | E12: 6.98 | F12: 8.4 | G12: 917
A13: 2026-01-07 | B13: S-0012 | C13: Точка-2 (резервуар) | D13: 0.1404 | E13: 6.71 | F13: 6.7 | G13: 482
... A377: 2026-05-14 | B377: S-0376 | C377: Точка-2 (резервуар) | D377: 0.1129 | E377: 6.09 | F377: 14.9 | G377: 739

Sheet Результаты
A1: Дата | B1: ID_пробы | C1: Точка_отбора | D1: Fe, мг/дм³ | E1: Статус Fe | F1: pH | G1: Статус pH | H1: Электропроводность, мкСм/см | I1: Статус ЭП | J1: Итоговый статус пробы
A2: =Данные_ввод!A2 -> 2026-01-05 | B2: =Данные_ввод!B2 -> S-0001 | C2: =Данные_ввод!C2 -> Точка-1 (скважина) | D2: =(Данные_ввод!D2-Градуировка_Fe!$B$4)/Градуировка_Fe!$B$3 -> 0.12158127 | E2: =IF(D2<=Нормативы!$C$2,"норма","превышение") -> норма | F2: =Данные_ввод!E2 -> 7.25 | G2: =IF(AND(F2>=Нормативы!$B$3,F2<=Нормативы!$C$3),"норма","превышение") -> норма | H2: =Данные_ввод!G2 -> 625 | I2: =IF(H2<=Нормативы!$C$4,"норма","превышение") -> норма | J2: =IF(AND(E2="норма",G2="норма",I2="норма"),"Проба соответствует","Проба не соответствует") -> Проба соответствует
A3: =Данные_ввод!A3 -> 2026-01-05 | B3: =Данные_ввод!B3 -> S-0002 | C3: =Данные_ввод!C3 -> Точка-2 (резервуар) | D3: =(Данные_ввод!D3-Градуировка_Fe!$B$4)/Градуировка_Fe!$B$3 -> 0.16123253 | E3: =IF(D3<=Нормативы!$C$2,"норма","превышение") -> норма | F3: =Данные_ввод!E3 -> 7.53 | G3: =IF(AND(F3>=Нормативы!$B$3,F3<=Нормативы!$C$3),"норма","превышение") -> норма | H3: =Данные_ввод!G3 -> 623 | I3: =IF(H3<=Нормативы!$C$4,"норма","превышение") -> норма | J3: =IF(AND(E3="норма",G3="норма",I3="норма"),"Проба соответствует","Проба не соответствует") -> Проба соответствует
A4: =Данные_ввод!A4 -> 2026-01-05 | B4: =Данные_ввод!B4 -> S-0003 | C4: =Данные_ввод!C4 -> Точка-1 (скважина) | D4: =(Данные_ввод!D4-Градуировка_Fe!$B$4)/Градуировка_Fe!$B$3 -> 0.13877941 | E4: =IF(D4<=Нормативы!$C$2,"норма","превышение") -> норма | F4: =Данные_ввод!E4 -> 7.61 | G4: =IF(AND(F4>=Нормативы!$B$3,F4<=Нормативы!$C$3),"норма","превышение") -> норма | H4: =Данные_ввод!G4 -> 661 | I4: =IF(H4<=Нормативы!$C$4,"норма","превышение") -> норма | J4: =IF(AND(E4="норма",G4="норма",I4="норма"),"Проба соответствует","Проба не соответствует") -> Проба соответствует
A5: =Данные_ввод!A5 -> 2026-01-05 | B5: =Данные_ввод!B5 -> S-0004 | C5: =Данные_ввод!C5 -> Точка-3 (сброс) | D5: =(Данные_ввод!D5-Градуировка_Fe!$B$4)/Градуировка_Fe!$B$3 -> 0.19192643 | E5: =IF(D5<=Нормативы!$C$2,"норма","превышение") -> норма | F5: =Данные_ввод!E5 -> 6.36 | G5: =IF(AND(F5>=Нормативы!$B$3,F5<=Нормативы!$C$3),"норма","превышение") -> норма | H5: =Данные_ввод!G5 -> 675 | I5: =IF(H5<=Нормативы!$C$4,"норма","превышение") -> норма | J5: =IF(AND(E5="норма",G5="норма",I5="норма"),"Проба соответствует","Проба не соответствует") -> Проба соответствует
A6: =Данные_ввод!A6 -> 2026-01-06 | B6: =Данные_ввод!B6 -> S-0005 | C6: =Данные_ввод!C6 -> Точка-2 (резервуар) | D6: =(Данные_ввод!D6-Градуировка_Fe!$B$4)/Градуировка_Fe!$B$3 -> 0.049683507 | E6: =IF(D6<=Нормативы!$C$2,"норма","превышение") -> норма | F6: =Данные_ввод!E6 -> 5.92 | G6: =IF(AND(F6>=Нормативы!$B$3,F6<=Нормативы!$C$3),"норма","превышение") -> превышение | H6: =Данные_ввод!G6 -> 290 | I6: =IF(H6<=Нормативы!$C$4,"норма","превышение") -> норма | J6: =IF(AND(E6="норма",G6="норма",I6="норма"),"Проба соответствует","Проба не соответствует") -> Проба не соответствует
A7: =Данные_ввод!A7 -> 2026-01-06 | B7: =Данные_ввод!B7 -> S-0006 | C7: =Данные_ввод!C7 -> Точка-3 (сброс) | D7: =(Данные_ввод!D7-Градуировка_Fe!$B$4)/Градуировка_Fe!$B$3 -> 0.18093873 | E7: =IF(D7<=Нормативы!$C$2,"норма","превышение") -> норма | F7: =Данные_ввод!E7 -> 7.79 | G7: =IF(AND(F7>=Нормативы!$B$3,F7<=Нормативы!$C$3),"норма","превышение") -> норма | H7: =Данные_ввод!G7 -> 736 | I7: =IF(H7<=Нормативы!$C$4,"норма","превышение") -> норма | J7: =IF(AND(E7="норма",G7="норма",I7="норма"),"Проба соответствует","Проба не соответствует") -> Проба соответствует
A8: =Данные_ввод!A8 -> 2026-01-06 | B8: =Данные_ввод!B8 -> S-0007 | C8: =Данные_ввод!C8 -> Точка-2 (резервуар) | D8: =(Данные_ввод!D8-Градуировка_Fe!$B$4)/Градуировка_Fe!$B$3 -> 0.29177117 | E8: =IF(D8<=Нормативы!$C$2,"норма","превышение") -> норма | F8: =Данные_ввод!E8 -> 6.82 | G8: =IF(AND(F8>=Нормативы!$B$3,F8<=Нормативы!$C$3),"норма","превышение") -> норма | H8: =Данные_ввод!G8 -> 548 | I8: =IF(H8<=Нормативы!$C$4,"норма","превышение") -> норма | J8: =IF(AND(E8="норма",G8="норма",I8="норма"),"Проба соответствует","Проба не соответствует") -> Проба соответствует
A9: =Данные_ввод!A9 -> 2026-01-06 | B9: =Данные_ввод!B9 -> S-0008 | C9: =Данные_ввод!C9 -> Точка-3 (сброс) | D9: =(Данные_ввод!D9-Градуировка_Fe!$B$4)/Градуировка_Fe!$B$3 -> 0.36940165 | E9: =IF(D9<=Нормативы!$C$2,"норма","превышение") -> превышение | F9: =Данные_ввод!E9 -> 6.79 | G9: =IF(AND(F9>=Нормативы!$B$3,F9<=Нормативы!$C$3),"норма","превышение") -> норма | H9: =Данные_ввод!G9 -> 362 | I9: =IF(H9<=Нормативы!$C$4,"норма","превышение") -> норма | J9: =IF(AND(E9="норма",G9="норма",I9="норма"),"Проба соответствует","Проба не соответствует") -> Проба не соответствует
A10: =Данные_ввод!A10 -> 2026-01-07 | B10: =Данные_ввод!B10 -> S-0009 | C10: =Данные_ввод!C10 -> Точка-2 (резервуар) | D10: =(Данные_ввод!D10-Градуировка_Fe!$B$4)/Градуировка_Fe!$B$3 -> 0.0048966917 | E10: =IF(D10<=Нормативы!$C$2,"норма","превышение") -> норма | F10: =Данные_ввод!E10 -> 7.32 | G10: =IF(AND(F10>=Нормативы!$B$3,F10<=Нормативы!$C$3),"норма","превышение") -> норма | H10: =Данные_ввод!G10 -> 677 | I10: =IF(H10<=Нормативы!$C$4,"норма","превышение") -> норма | J10: =IF(AND(E10="норма",G10="норма",I10="норма"),"Проба соответствует","Проба не соответствует") -> Проба соответствует
A11: =Данные_ввод!A11 -> 2026-01-07 | B11: =Данные_ввод!B11 -> S-0010 | C11: =Данные_ввод!C11 -> Точка-2 (резервуар) | D11: =(Данные_ввод!D11-Градуировка_Fe!$B$4)/Градуировка_Fe!$B$3 -> 0.18547713 | E11: =IF(D11<=Нормативы!$C$2,"норма","превышение") -> норма | F11: =Данные_ввод!E11 -> 7.03 | G11: =IF(AND(F11>=Нормативы!$B$3,F11<=Нормативы!$C$3),"норма","превышение") -> норма | H11: =Данные_ввод!G11 -> 730 | I11: =IF(H11<=Нормативы!$C$4,"норма","превышение") -> норма | J11: =IF(AND(E11="норма",G11="норма",I11="норма"),"Проба соответствует","Проба не соответствует") -> Проба соответствует
A12: =Данные_ввод!A12 -> 2026-01-07 | B12: =Данные_ввод!B12 -> S-0011 | C12: =Данные_ввод!C12 -> Точка-3 (сброс) | D12: =(Данные_ввод!D12-Градуировка_Fe!$B$4)/Градуировка_Fe!$B$3 -> 0.33034755 | E12: =IF(D12<=Нормативы!$C$2,"норма","превышение") -> превышение | F12: =Данные_ввод!E12 -> 6.98 | G12: =IF(AND(F12>=Нормативы!$B$3,F12<=Нормативы!$C$3),"норма","превышение") -> норма | H12: =Данные_ввод!G12 -> 917 | I12: =IF(H12<=Нормативы!$C$4,"норма","превышение") -> норма | J12: =IF(AND(E12="норма",G12="норма",I12="норма"),"Проба соответствует","Проба не соответствует") -> Проба не соответствует
A13: =Данные_ввод!A13 -> 2026-01-07 | B13: =Данные_ввод!B13 -> S-0012 | C13: =Данные_ввод!C13 -> Точка-2 (резервуар) | D13: =(Данные_ввод!D13-Градуировка_Fe!$B$4)/Градуировка_Fe!$B$3 -> 0.15418607 | E13: =IF(D13<=Нормативы!$C$2,"норма","превышение") -> норма | F13: =Данные_ввод!E13 -> 6.71 | G13: =IF(AND(F13>=Нормативы!$B$3,F13<=Нормативы!$C$3),"норма","превышение") -> норма | H13: =Данные_ввод!G13 -> 482 | I13: =IF(H13<=Нормативы!$C$4,"норма","превышение") -> норма | J13: =IF(AND(E13="норма",G13="норма",I13="норма"),"Проба соответствует","Проба не соответствует") -> Проба соответствует
... A377: =Данные_ввод!A377 -> 2026-05-14 | B377: =Данные_ввод!B377 -> S-0376 | C377: =Данные_ввод!C377 -> Точка-2 (резервуар) | D377: =(Данные_ввод!D377-Градуировка_Fe!$B$4)/Градуировка_Fe!$B$3 -> 0.12134241 | E377: =IF(D377<=Нормативы!$C$2,"норма","превышение") -> норма | F377: =Данные_ввод!E377 -> 6.09 | G377: =IF(AND(F377>=Нормативы!$B$3,F377<=Нормативы!$C$3),"норма","превышение") -> норма | H377: =Данные_ввод!G377 -> 739 | I377: =IF(H377<=Нормативы!$C$4,"норма","превышение") -> норма | J377: =IF(AND(E377="норма",G377="норма",I377="норма"),"Проба соответствует","Проба не соответствует") -> Проба соответствует

Sheet Дашборд
A1: Дашборд контроля качества проб (помесячно)
A3: Месяц | B3: Всего проб | C3: Доля соответствия, % | D3: Превышений Fe | E3: Превышений pH | F3: Превышений ЭП
A4: 2026-01 | B4: =COUNTIF(Результаты!$A$2:$A$377,"2026-01*") -> 80 | C4: =IFERROR(ROUND(COUNTIFS(Результаты!$A$2:$A$377,"2026-01*",Результаты!$J$2:$J$377,"Проба соответствует")/B4*100,1),0) -> 87.5 | D4: =COUNTIFS(Результаты!$A$2:$A$377,"2026-01*",Результаты!$E$2:$E$377,"превышение") -> 7 | E4: =COUNTIFS(Результаты!$A$2:$A$377,"2026-01*",Результаты!$G$2:$G$377,"превышение") -> 3 | F4: =COUNTIFS(Результаты!$A$2:$A$377,"2026-01*",Результаты!$I$2:$I$377,"превышение") -> 0
A5: 2026-02 | B5: =COUNTIF(Результаты!$A$2:$A$377,"2026-02*") -> 80 | C5: =IFERROR(ROUND(COUNTIFS(Результаты!$A$2:$A$377,"2026-02*",Результаты!$J$2:$J$377,"Проба соответствует")/B5*100,1),0) -> 83.8 | D5: =COUNTIFS(Результаты!$A$2:$A$377,"2026-02*",Результаты!$E$2:$E$377,"превышение") -> 11 | E5: =COUNTIFS(Результаты!$A$2:$A$377,"2026-02*",Результаты!$G$2:$G$377,"превышение") -> 2 | F5: =COUNTIFS(Результаты!$A$2:$A$377,"2026-02*",Результаты!$I$2:$I$377,"превышение") -> 0
A6: 2026-03 | B6: =COUNTIF(Результаты!$A$2:$A$377,"2026-03*") -> 88 | C6: =IFERROR(ROUND(COUNTIFS(Результаты!$A$2:$A$377,"2026-03*",Результаты!$J$2:$J$377,"Проба соответствует")/B6*100,1),0) -> 84.1 | D6: =COUNTIFS(Результаты!$A$2:$A$377,"2026-03*",Результаты!$E$2:$E$377,"превышение") -> 12 | E6: =COUNTIFS(Результаты!$A$2:$A$377,"2026-03*",Результаты!$G$2:$G$377,"превышение") -> 2 | F6: =COUNTIFS(Результаты!$A$2:$A$377,"2026-03*",Результаты!$I$2:$I$377,"превышение") -> 1
A7: 2026-04 | B7: =COUNTIF(Результаты!$A$2:$A$377,"2026-04*") -> 88 | C7: =IFERROR(ROUND(COUNTIFS(Результаты!$A$2:$A$377,"2026-04*",Результаты!$J$2:$J$377,"Проба соответствует")/B7*100,1),0) -> 85.2 | D7: =COUNTIFS(Результаты!$A$2:$A$377,"2026-04*",Результаты!$E$2:$E$377,"превышение") -> 10 | E7: =COUNTIFS(Результаты!$A$2:$A$377,"2026-04*",Результаты!$G$2:$G$377,"превышение") -> 1 | F7: =COUNTIFS(Результаты!$A$2:$A$377,"2026-04*",Результаты!$I$2:$I$377,"превышение") -> 2
A8: 2026-05 | B8: =COUNTIF(Результаты!$A$2:$A$377,"2026-05*") -> 40 | C8: =IFERROR(ROUND(COUNTIFS(Результаты!$A$2:$A$377,"2026-05*",Результаты!$J$2:$J$377,"Проба соответствует")/B8*100,1),0) -> 85 | D8: =COUNTIFS(Результаты!$A$2:$A$377,"2026-05*",Результаты!$E$2:$E$377,"превышение") -> 6 | E8: =COUNTIFS(Результаты!$A$2:$A$377,"2026-05*",Результаты!$G$2:$G$377,"превышение") -> 0 | F8: =COUNTIFS(Результаты!$A$2:$A$377,"2026-05*",Результаты!$I$2:$I$377,"превышение") -> 0
A10: Все значения в таблице — формулы (COUNTIF/COUNTIFS), автоматически пересчитываются при добавлении новых проб на листе «Данные_ввод».
